{
  "mean": [
    -0.03391341121337007,
    0.030287930950237598,
    0.7851628062249724,
    0.43186455011477665,
    1.1573826030935008,
    0.0002058709887099796,
    0.0
  ],
  "std": [
    0.6674331391547401,
    0.6699443493687569,
    0.09846350194377142,
    0.07956627824203506,
    1.3115186654046331,
    0.618424971103655,
    1.0
  ]
}