{
  "mean": [
    -0.021821133980796426,
    0.038999640049040496,
    0.7595048190179542,
    1.1533549842232085,
    2.810750204342658,
    0.0010250894602002352,
    0.0
  ],
  "std": [
    0.6372959649758102,
    0.6610057196246476,
    0.12083735028993128,
    2.5370904222178714,
    10.165022037995524,
    4.67927814132583,
    1.0
  ]
}