{
  "mean": [
    -0.021823789400453576,
    0.03890133479056218,
    0.7594820165786837,
    1.1534271522300035,
    2.81082578723951,
    0.0010211275324289947,
    0.0
  ],
  "std": [
    0.63731323153313,
    0.6609594121219446,
    0.12083105151372797,
    2.537270473741966,
    10.16572478696967,
    4.67960253080606,
    1.0
  ]
}