{
  "mean": [
    -0.021819133666697386,
    0.038974656704325705,
    0.7595003536071188,
    1.153364693052625,
    2.810719631678234,
    0.0010233876713457283,
    0.0
  ],
  "std": [
    0.6372981117388892,
    0.6609966353757464,
    0.12083583345307503,
    2.5371232920112172,
    10.165142858405812,
    4.6793316747804585,
    1.0
  ]
}