{
  "mean": [
    -0.015551999184107634,
    0.04754408331979243,
    0.7511517447382606,
    0.8149527519349539,
    2.10138359241019,
    0.0003534087306310406,
    0.0
  ],
  "std": [
    0.61122536251857,
    0.6607888333598306,
    0.12026661992617019,
    0.23484559925927784,
    2.5729349432397735,
    1.224184379413939,
    1.0
  ]
}