{
  "mean": [
    -0.02181998040300965,
    0.039003251286058624,
    0.7595054606956183,
    1.1533536552554984,
    2.810741997681804,
    0.0010255984118763236,
    0.0
  ],
  "std": [
    0.6372951292650123,
    0.6610070777866235,
    0.12083757224382842,
    2.5370857164350817,
    10.165003707345733,
    4.679269374987741,
    1.0
  ]
}