{
  "mean": [
    -0.021819785605624593,
    0.0389960287847057,
    0.7595041773354363,
    1.1533562663573722,
    2.8107540289312887,
    0.0010247203018850263,
    0.0
  ],
  "std": [
    0.6372964647903047,
    0.661004361430022,
    0.12083712833057592,
    2.537095134414633,
    10.16504093219666,
    4.679286807364667,
    1.0
  ]
}