{
  "mean": [
    -0.021822174206399914,
    0.038988839078042466,
    0.7595028968967634,
    1.1533587382025647,
    2.81076997535633,
    0.0010222101045426408,
    0.0
  ],
  "std": [
    0.6372959197935036,
    0.6610016920393297,
    0.12083668850567598,
    2.537104570921204,
    10.165077483560728,
    4.679303808404616,
    1.0
  ]
}